﻿Designator,Quantity,Value,Footprint,Package,MPN,DNP,Mount_Type,Description,Purpose,MF,Description_1,Price,SnapEDA_Link,MP,Availability,Check_prices,MAXIMUM_PACKAGE_HEIGHT,STANDARD,PARTREV,MANUFACTURER
BT1,1,Battery,PinHeader_1x02_P2.54mm_Vertical,,,,tht,Multiple-cell battery,,,,,,,,,,,,
"C1, C4",2,0.1uF,C_0805_2012Metric,,,,smt,Unpolarized capacitor,,,,,,,,,,,,
"C2, C3",2,22pF,C_0805_2012Metric,,,,smt,Unpolarized capacitor,,,,,,,,,,,,
C5,1,100nF,C_0805_2012Metric,,,,smt,"Polarized capacitor, US symbol",,,,,,,,,,,,
"D1, D2",2,LED,LED_0805_2012Metric,,,,smt,Light emitting diode,,,,,,,,,,,,
"J1, J3",2,Conn_01x04_Pin,PinHeader_1x04_P2.54mm_Vertical,,,,tht,"Generic connector, single row, 01x04, script generated",[J1]I2C; [J3]Serial UART,,,,,,,,,,,
J2,1,Conn_01x09_Pin,PinHeader_1x09_P2.54mm_Vertical,,,,tht,"Generic connector, single row, 01x09, script generated",GPIO,,,,,,,,,,,
J4,1,Conn_02x03_Odd_Even,PinHeader_2x03_P2.54mm_Vertical,,,,tht,"Generic connector, double row, 02x03, odd/even pin numbering scheme (row 1 odd numbers, row 2 even numbers), script generated (kicad-library-utils/schlib/autogen/connector/)",ICSP,,,,,,,,,,,
"R1, R2, R6",3,10K,R_0805_2012Metric,,,,smt,"Resistor, US symbol",,,,,,,,,,,,
"R3, R4",2,4.7K,R_0805_2012Metric,,,,smt,"Resistor, US symbol",,,,,,,,,,,,
"R5, R7",2,330,R_0805_2012Metric,,,,smt,"Resistor, US symbol",,,,,,,,,,,,
"U1, U3",2,24LC1025,SOIC-8_5.23x5.23mm_P1.27mm,,,,smt,"I2C Serial EEPROM, 1024Kb, DIP-8/SOIC-8/TSSOP-8/DFN-8",,,,,,,,,,,,
U2,1,DS1337S_,SOIC127P600X175-8N,SOIC-8 Maxim,,,smt,,,Analog Devices,"
                        
                            I²C Serial Real-Time Clock
                        
",None,https://www.snapeda.com/parts/DS1337S+/Analog+Devices/view-part/?ref=snap,DS1337S+,In Stock,https://www.snapeda.com/parts/DS1337S+/Analog+Devices/view-part/?ref=eda,,,,
U4,1,ATMEGA328P-AU,QFP80P900X900X120-32N,TQFP-32 Microchip,,,smt,,,Microchip,"
                        
                            AVR AVR® ATmega Microcontroller IC 8-Bit 20MHz 32KB (16K x 16) FLASH 32-TQFP (7x7)
                        
",None,https://www.snapeda.com/parts/ATMEGA328P-AU/Microchip/view-part/?ref=snap,ATMEGA328P-AU,In Stock,https://www.snapeda.com/parts/ATMEGA328P-AU/Microchip/view-part/?ref=eda,1.20mm,IPC-7351B,8271A,Microchip
Y1,1,32.768 KHz,Crystal_SMD_Abracon_ABM3-2Pin_5.0x3.2mm_HandSoldering,,,,smt,Two pin crystal,,,,,,,,,,,,
Y2,1,16 MHz,Crystal_SMD_Abracon_ABM3-2Pin_5.0x3.2mm_HandSoldering,,,,smt,Two pin crystal,,,,,,,,,,,,
