﻿pos_x,pos_y,rotation,side,designator,mpn,pack,footprint,value,mount_type
40.132,-64.135,0.0,top,BT1,,,PinHeader_1x02_P2.54mm_Vertical,Battery,tht
58.425,-59.69,0.0,top,C1,,,C_0805_2012Metric,0.1uF,smt
71.4775,-76.835,180.0,top,C2,,,C_0805_2012Metric,22pF,smt
62.55,-59.69,0.0,top,C3,,,C_0805_2012Metric,22pF,smt
71.4775,-80.645,180.0,top,C4,,,C_0805_2012Metric,0.1uF,smt
66.995,-59.69,0.0,top,C5,,,C_0805_2012Metric,100nF,smt
75.2875,-59.69,0.0,top,D1,,,LED_0805_2012Metric,LED,smt
71.4775,-59.69,0.0,top,D2,,,LED_0805_2012Metric,LED,smt
82.55,-76.2,0.0,top,J1,,,PinHeader_1x04_P2.54mm_Vertical,Conn_01x04_Pin,tht
42.291,-85.852,90.0,top,J2,,,PinHeader_1x09_P2.54mm_Vertical,Conn_01x09_Pin,tht
67.691,-85.852,90.0,top,J3,,,PinHeader_1x04_P2.54mm_Vertical,Conn_01x04_Pin,tht
80.01,-66.04,0.0,top,J4,,,PinHeader_2x03_P2.54mm_Vertical,Conn_02x03_Odd_Even,tht
46.99,-80.645,0.0,top,R1,,,R_0805_2012Metric,10K,smt
52.3475,-80.645,180.0,top,R2,,,R_0805_2012Metric,10K,smt
71.4775,-71.755,180.0,top,R3,,,R_0805_2012Metric,4.7K,smt
71.4775,-67.945,180.0,top,R4,,,R_0805_2012Metric,4.7K,smt
75.2875,-63.5,180.0,top,R5,,,R_0805_2012Metric,330,smt
75.2875,-67.945,0.0,top,R6,,,R_0805_2012Metric,10K,smt
71.4775,-63.5,0.0,top,R7,,,R_0805_2012Metric,330,smt
49.53,-68.58,0.0,top,U1,,,SOIC-8_5.23x5.23mm_P1.27mm,24LC1025,smt
49.53,-76.2,0.0,top,U2,,SOIC-8 Maxim,SOIC127P600X175-8N,DS1337S_,smt
49.53,-61.595,0.0,top,U3,,,SOIC-8_5.23x5.23mm_P1.27mm,24LC1025,smt
63.5,-69.85,0.0,top,U4,,TQFP-32 Microchip,QFP80P900X900X120-32N,ATMEGA328P-AU,smt
40.386,-75.438,-90.0,top,Y1,,,Crystal_SMD_Abracon_ABM3-2Pin_5.0x3.2mm_HandSoldering,32.768 KHz,smt
63.5,-79.375,180.0,top,Y2,,,Crystal_SMD_Abracon_ABM3-2Pin_5.0x3.2mm_HandSoldering,16 MHz,smt
